Vol Flr (m3/hr),Len (m),Strip Column Flr (m3/hr),CO2 init (g/L),BM init (g/L),BM out (g/L),H init (m),H final (m),ACP,DIC (uM),In pH,Out pH,Water Loss (kg),Specific Growth Rate Outlet (hr-1),Strip Conc (g/L),Average RT (hr),Average CO2 Uptake (g/m2/day)
2.5,6000.0,2.5,0.0004401,2.39,1.2109726222522617,0.15,0.039615779015298704,1.4943535600019529,-9.482802689885318e7,8.452034866698453,644676.3154871147,-0.0016892982002786017,0.5,25.781344890460502,2.734667014803574,