Vol Flr (m3/hr),Len (m),Strip Column Flr (m3/hr),CO2 init (g/L),BM init (g/L),BM out (g/L),H init (m),H final (m),ACP,DIC (uM),In pH,Out pH,Water Loss (kg),Specific Growth Rate Outlet (hr-1),Strip Conc (g/L),Average RT (hr),Average CO2 Uptake (g/m2/day)
2.5,10000.0,0.0,0.005657142857142856,3.0,1.2054464576448292,0.15,0.06634120595781678,33.84026251384508,2418.930212216737,8.452034866698453,7.762376731104061e6,0.015147393891140122,0.5,35.647665756741254,61.927680400336506,