Vol Flr (m3/hr),Len (m),Mol Frac CO2,Strip Column Flr (gpm),CO2 init (g/L),BM init (g/L),BM out (g/L),H init (m),H final (m),ACP,CO2/DIC,DIC (uM),In pH,Out pH,Strip Conc (g/L),Water Loss (kg),Specific Growth Rate (hr-1),Strip Conc (g/L)
5.0,200.0,0.0,8.5,0.0225,3.0,0.0,0.15,0.49586915060323683,46.80371409309906,2.6354413019337616e10,331.9033740311625,8.452034866698453,9.209259407485627,0.025,12719.944131132886,0.02761830266178485,0.025
10.0,200.0,0.0,8.5,0.0225,3.0,0.0,0.15,0.3231557163174015,43.31693872665831,5.343244377605368e9,166.83333333425,8.452034866698453,9.460219479974894,0.025,12718.30847668786,0.028337689770024765,0.025
15.0,200.0,0.0,8.5,0.0225,3.0,0.0,0.15,0.26548611628613883,44.04286417972712,2.7658897627440734e9,166.83333333425,8.452034866698453,9.460219479974894,0.025,12709.735713370168,0.028724333372303682,0.025
20.0,200.0,0.0,8.5,0.0225,3.0,0.0,0.15,0.2366326955746348,46.83901789534465,2.0179419247657425e9,166.83333333425,8.452034866698453,9.460219479974894,0.025,12731.080708154217,0.028923579214911187,0.025
25.0,200.0,0.0,8.5,0.0225,3.0,0.0,0.15,0.2193162832299854,50.08579209351377,1.7523197761094978e9,166.83333333425,8.452034866698453,9.460219479974894,0.025,12692.220062716458,0.028943784323867263,0.025
30.0,200.0,0.0,8.5,0.0225,3.0,0.0,0.15,0.2077680421259706,52.72448336185224,1.7075404190529315e9,166.83333333425,8.452034866698453,9.460219479974894,0.025,12732.559487849265,0.029092683095282387,0.025
35.0,200.0,0.0,8.5,0.0225,3.0,0.0,0.15,0.1995181970048182,58.598540857569795,1.755554408241771e9,166.83333333425,8.452034866698453,9.460219479974894,0.025,12725.007007860826,0.029109899094839655,0.025
40.0,200.0,0.0,8.5,0.0225,3.0,0.0,0.15,0.19348784069665592,52.78673302295361,0.17536481738113788,2846.459292293792,8.452034866698453,6.705984953265763,0.025,12167.285852999206,0.026573438790713368,0.025
