Vol Flr (m3/hr),Len (m),Strip Column Flr (m3/hr),CO2 init (g/L),BM init (g/L),BM out (g/L),H init (m),H final (m),ACP,DIC (uM),In pH,Out pH,Water Loss (kg),Specific Growth Rate (hr-1),Strip Conc (g/L),Average RT (hr)
2.5,500.0,2.5,0.000524,2.39,1.1946889289097185,0.15,0.0392087140476869,4.662318146551376,1752.40371363921,8.452034866698453,388118.83655520284,0.0,0.1,2.1725128530961073,0.0,0.0,0.0,0.000524,2.39,0.0,0.15,0.0,0.0,0.0,8.452034866698453,0.0,0.0,0.0,0.0,0.0,0.0,0.0,0.000524,2.39,0.0,0.15,0.0,0.0,0.0,8.452034866698453,0.0,0.0,0.0,0.0,0.0,0.0,0.0,0.000524,2.39,0.0,0.15,0.0,0.0,0.0,8.452034866698453,0.0,0.0,0.0,0.0,0.0,0.0,0.0,0.000524,2.39,0.0,0.15,0.0,0.0,0.0,8.452034866698453,0.0,0.0,0.0,0.0,0.0,0.0,0.0,0.000524,2.39,0.0,0.15,0.0,0.0,0.0,8.452034866698453,0.0,0.0,0.0,0.0,0.0,0.0,0.0,0.000524,2.39,0.0,0.15,0.0,0.0,0.0,8.452034866698453,0.0,0.0,0.0,0.0,0.0,0.0,0.0,0.000524,2.39,0.0,0.15,0.0,0.0,0.0,8.452034866698453,0.0,0.0,0.0,0.0,